{"stats":{"minecraft:used":{"minecraft:chest":1,"minecraft:netherite_hoe":1},"minecraft:custom":{"minecraft:time_since_rest":52789,"minecraft:open_chest":5,"minecraft:crouch_one_cm":799,"minecraft:play_time":52789,"minecraft:sprint_one_cm":3466,"minecraft:walk_one_cm":13313,"minecraft:sneak_time":401,"minecraft:walk_under_water_one_cm":1820,"minecraft:jump":35,"minecraft:leave_game":2,"minecraft:walk_on_water_one_cm":2296,"minecraft:time_since_death":52789,"minecraft:total_world_time":52789,"minecraft:swim_one_cm":2447,"minecraft:fly_one_cm":39593},"minecraft:picked_up":{"minecraft:stick":1,"minecraft:pufferfish":21,"minecraft:bone":1,"minecraft:rotten_flesh":2,"minecraft:tripwire_hook":1,"minecraft:salmon":25,"minecraft:tropical_fish":6,"minecraft:leather":2,"minecraft:potion":1,"minecraft:cod":46}},"DataVersion":3465}