{"stats":{"minecraft:mined":{"minecraft:oak_log":3,"minecraft:grass_block":4,"minecraft:dirt":1},"minecraft:used":{"minecraft:dirt":5,"minecraft:netherite_hoe":1,"minecraft:chest":1},"minecraft:crafted":{"minecraft:oak_planks":12},"minecraft:custom":{"minecraft:time_since_rest":54821,"minecraft:open_chest":5,"minecraft:crouch_one_cm":2556,"minecraft:play_time":54821,"minecraft:sprint_one_cm":3523,"minecraft:walk_one_cm":13918,"minecraft:sneak_time":1081,"minecraft:walk_under_water_one_cm":1820,"minecraft:jump":36,"minecraft:leave_game":3,"minecraft:walk_on_water_one_cm":2296,"minecraft:time_since_death":54821,"minecraft:total_world_time":54821,"minecraft:swim_one_cm":2447,"minecraft:fly_one_cm":39593},"minecraft:picked_up":{"minecraft:stick":1,"minecraft:pufferfish":21,"minecraft:bone":1,"minecraft:tripwire_hook":1,"minecraft:rotten_flesh":2,"minecraft:salmon":25,"minecraft:tropical_fish":6,"minecraft:leather":2,"minecraft:potion":1,"minecraft:oak_log":3,"minecraft:cod":46,"minecraft:dirt":5}},"DataVersion":3465}