{"stats":{"minecraft:custom":{"minecraft:jump":16,"minecraft:open_chest":2,"minecraft:time_since_rest":7508,"minecraft:leave_game":1,"minecraft:crouch_one_cm":544,"minecraft:sprint_one_cm":24,"minecraft:play_time":7508,"minecraft:walk_on_water_one_cm":1417,"minecraft:time_since_death":7508,"minecraft:walk_one_cm":7515,"minecraft:sneak_time":337,"minecraft:total_world_time":7508,"minecraft:walk_under_water_one_cm":1723,"minecraft:swim_one_cm":2447,"minecraft:fly_one_cm":17231},"minecraft:used":{"minecraft:chest":1,"minecraft:netherite_hoe":1},"minecraft:picked_up":{"minecraft:pufferfish":1,"minecraft:cod":1}},"DataVersion":3465}