{
  "primaries": [
    "b89be64a-8b97-37b6-9264-2081c0ad0a72"
  ],
  "deleted": false,
  "uniqueId": "AOneBlock77af89a2-8d51-4495-9898-9afc259e50a1",
  "center": [
    "oneblock_world",
    0.0,
    80.0,
    0.0,
    0.0,
    0.0
  ],
  "range": 400,
  "protectionRange": 50,
  "bonusRanges": [],
  "maxEverProtectionRange": 50,
  "world": "oneblock_world",
  "gameMode": "AOneBlock",
  "createdDate": 1727749530458,
  "updatedDate": 1727749530718,
  "owner": "b89be64a-8b97-37b6-9264-2081c0ad0a72",
  "members": {
    "b89be64a-8b97-37b6-9264-2081c0ad0a72": 1000
  },
  "spawn": false,
  "purgeProtected": false,
  "flags": {
    "DRAGON_EGG": 500,
    "LOCK": 0,
    "HURT_TAMED_ANIMALS": 500,
    "ANVIL": 500,
    "TRAPPED_CHEST": 500,
    "BOOKSHELF": 500,
    "HARVEST": 500,
    "FROST_WALKER": 500,
    "COLLECT_LAVA": 500,
    "LEAF_DECAY": 0,
    "ENDERMAN_TELEPORT": 0,
    "LEVER": 500,
    "CAKE": 500,
    "HURT_MONSTERS": 0,
    "FIRE_SPREAD": 0,
    "CHANGE_SETTINGS": 1000,
    "SIGN_EDITING": 500,
    "TRADING": 0,
    "EGGS": 500,
    "PVP_OVERWORLD": -1,
    "CHEST": 500,
    "PLACE_WARP": 500,
    "TNT_DAMAGE": 0,
    "FLINT_AND_STEEL": 500,
    "SCULK_SENSOR": 500,
    "CROP_TRAMPLE": 500,
    "DROPPER": 500,
    "TNT_PRIMING": 500,
    "PVP_END": -1,
    "COLLECT_WATER": 500,
    "AXOLOTL_SCOOPING": 500,
    "ANIMAL_NATURAL_SPAWN": 0,
    "SHULKER_TELEPORT": 0,
    "BUTTON": 500,
    "COMPOSTER": 500,
    "COMMAND_RANKS": 500,
    "TRAPDOOR": 500,
    "EXPERIENCE_BOTTLE_THROWING": 500,
    "DYE": 500,
    "HIVE": 500,
    "ITEM_FRAME": 500,
    "CROP_PLANTING": 500,
    "CRAFTING": 0,
    "SHEARING": 500,
    "ENCHANTING": 0,
    "BLOCK_EXPLODE_DAMAGE": 0,
    "ANIMAL_SPAWNERS_SPAWN": 0,
    "BOAT": 500,
    "BED": 500,
    "SPAWN_EGGS": 500,
    "MONSTER_NATURAL_SPAWN": 0,
    "SCULK_SHRIEKER": 500,
    "SMITHING": 500,
    "EXPERIENCE_PICKUP": 500,
    "HOPPER": 500,
    "CANDLES": 500,
    "LEASH": 500,
    "BREAK_BLOCKS": 500,
    "MOUNT_INVENTORY": 500,
    "POTION_THROWING": 500,
    "JUKEBOX": 500,
    "HURT_ANIMALS": 500,
    "LOOM": 500,
    "REDSTONE": 500,
    "BUCKET": 500,
    "ENDER_PEARL": 500,
    "BELL_RINGING": 500,
    "DOOR": 500,
    "BREAK_HOPPERS": 500,
    "FURNACE": 500,
    "MONSTER_SPAWNERS_SPAWN": 0,
    "MINECART": 500,
    "FISH_SCOOPING": 500,
    "FIRE_IGNITE": 0,
    "END_PORTAL": 500,
    "BREEDING": 500,
    "HURT_VILLAGERS": 500,
    "TURTLE_EGGS": 500,
    "BREAK_SPAWNERS": 500,
    "ELYTRA": 0,
    "RIDING": 500,
    "ARMOR_STAND": 500,
    "NAME_TAG": 500,
    "ITEM_DROP": 0,
    "NOTE_BLOCK": 0,
    "NETHER_PORTAL": 500,
    "LECTERN": 500,
    "SHULKER_BOX": 500,
    "GRINDSTONE": 500,
    "ITEM_PICKUP": 0,
    "BREWING": 500,
    "STONECUTTING": 500,
    "FIRE_EXTINGUISH": 500,
    "ALLAY": 500,
    "BEACON": 500,
    "PRESSURE_PLATE": 0,
    "PLACE_BLOCKS": 500,
    "FLOWER_POT": 500,
    "PVP_NETHER": -1,
    "MILKING": 0,
    "DISPENSER": 500,
    "GATE": 0,
    "FIRE_BURNING": 0,
    "CHORUS_FRUIT": 500,
    "CONTAINER": 500,
    "BARREL": 500,
    "CARTOGRAPHY": 500,
    "COLLECT_POWDERED_SNOW": 500
  },
  "history": [],
  "spawnPoint": {},
  "doNotLoad": false,
  "cooldowns": {},
  "metaData": {
    "bundle": {
      "stringValue": "default"
    }
  },
  "homes": {
    "": [
      "oneblock_world",
      0.5,
      81.0,
      0.5,
      0.0,
      0.0
    ]
  }
}